USE dbfix360;

INSERT INTO personas (nombres, apellidos, tipodoc, numdoc, direccion, correo, telefono) VALUES
('Juan', 'Perez', 'DNI', '12345678', 'Calle Ficticia 123', 'juan.perez@mail.com', '987654321'),
('Maria', 'Gomez', 'DNI', '23456789', 'Av. Libertador 456', 'maria.gomez@mail.com', '987654322'),
('Carlos', 'Diaz', 'DNI', '34567890', 'Calle Real 789', 'carlos.diaz@mail.com', '987654323'),
('Ana', 'Martinez', 'DNI', '45678901', 'Calle 10 123', 'ana.martinez@mail.com', '987654324'),
('Luis', 'Rodriguez', 'DNI', '56789012', 'Av. 25 de Mayo 456', 'luis.rodriguez@mail.com', '987654325'),
('Paula', 'Hernandez', 'DNI', '67890123', 'Calle Nueva 789', 'paula.hernandez@mail.com', '987654326'),
('Sofia', 'Lopez', 'DNI', '78901234', 'Av. Pardo 101', 'sofia.lopez@mail.com', '987654327'),
('Pedro', 'Sanchez', 'DNI', '89012345', 'Calle Lima 202', 'pedro.sanchez@mail.com', '987654328'),
('Carlos', 'Morales', 'DNI', '90123456', 'Av. San Juan 303', 'carlos.morales@mail.com', '987654329'),
('Lucia', 'Fernandez', 'DNI', '01234567', 'Calle Bella 404', 'lucia.fernandez@mail.com', '987654330'),
('Valentino', 'Anchante', 'DNI', '91223466', 'Psj. Melchorita', 'valentino.anchante@mail.com', '999445678'),
('Miguel', 'Perez', 'DNI', '12345679', 'Calle Sol 123', 'miguel.perez@mail.com', '987654331'),
('Laura', 'Ramirez', 'DNI', '23456780', 'Av. Belgrano 567', 'laura.ramirez@mail.com', '987654332'),
('Javier', 'Martinez', 'DNI', '34567891', 'Calle Mayor 234', 'javier.martinez@mail.com', '987654333'),
('Elena', 'Gonzalez', 'DNI', '45678902', 'Av. 9 de Julio 678', 'elena.gonzalez@mail.com', '987654334'),
('Santiago', 'Lopez', 'DNI', '56789013', 'Calle Gran 345', 'santiago.lopez@mail.com', '987654335'),
('Isabel', 'Fernandez', 'DNI', '67890124', 'Av. Pueyrredon 789', 'isabel.fernandez@mail.com', '987654336'),
('Felipe', 'Rodriguez', 'DNI', '78901235', 'Calle Libertad 456', 'felipe.rodriguez@mail.com', '987654337'),
('Carla', 'Sanchez', 'DNI', '89012346', 'Calle San Martin 101', 'carla.sanchez@mail.com', '987654338'),
('Victor', 'Diaz', 'DNI', '90123457', 'Calle Tucuman 202', 'victor.diaz@mail.com', '987654339'),
('Marta', 'Hernandez', 'DNI', '01234568', 'Calle Mendoza 303', 'marta.hernandez@mail.com', '987654340'),
('Alejandro', 'Morales', 'DNI', '91223467', 'Av. Rivadavia 404', 'alejandro.morales@mail.com', '987654341'),
('Victoria', 'Gomez', 'DNI', '92345678', 'Calle San Juan 505', 'victoria.gomez@mail.com', '987654342'),
('Fernando', 'Castillo', 'DNI', '93456789', 'Av. Principal 606', 'fernando.castillo@mail.com', '987654343'),
('Camila', 'Ruiz', 'DNI', '94567890', 'Calle Victoria 707', 'camila.ruiz@mail.com', '987654344'),
('Hugo', 'Mendoza', 'DNI', '95678901', 'Av. Bolivar 808', 'hugo.mendoza@mail.com', '987654345'),
('Natalia', 'Ortega', 'DNI', '96789012', 'Calle Miraflores 909', 'natalia.ortega@mail.com', '987654346'),
('Sebastian', 'Vega', 'DNI', '97890123', 'Av. America 1010', 'sebastian.vega@mail.com', '987654347'),
('Daniela', 'Chavez', 'DNI', '98901234', 'Calle Norte 1111', 'daniela.chavez@mail.com', '987654348'),
('Diego', 'Torres', 'DNI', '99012345', 'Av. Este 1212', 'diego.torres@mail.com', '987654349'),
('Andrea', 'Paredes', 'DNI', '90123458', 'Calle Sur 1313', 'andrea.paredes@mail.com', '987654350'),
('Rodrigo', 'Flores', 'DNI', '91234569', 'Av. Oeste 1414', 'rodrigo.flores@mail.com', '987654351'),
('Gabriela', 'Navarro', 'DNI', '92345679', 'Calle Central 1515', 'gabriela.navarro@mail.com', '987654352'),
('Pablo', 'Rios', 'DNI', '93456780', 'Av. Pacifico 1616', 'pablo.rios@mail.com', '987654353'),
('Juliana', 'Suarez', 'DNI', '94567891', 'Calle Alameda 1717', 'juliana.suarez@mail.com', '987654354'),
('Matias', 'Beltran', 'DNI', '95678902', 'Av. Colon 1818', 'matias.beltran@mail.com', '987654355'),
('Esteban', 'Vargas', 'DNI', '96789013', 'Calle Central 1919', 'esteban.vargas@mail.com', '987654356'),
('Rocio', 'Maldonado', 'DNI', '97890124', 'Av. Las Flores 2020', 'rocio.maldonado@mail.com', '987654357'),
('Mariano', 'Gutierrez', 'DNI', '98901235', 'Calle Esperanza 2121', 'mariano.gutierrez@mail.com', '987654358'),
('Carolina', 'Peña', 'DNI', '99012346', 'Av. Primavera 2222', 'carolina.pena@mail.com', '987654359'),
('Emilio', 'Castro', 'DNI', '90123459', 'Calle Amanecer 2323', 'emilio.castro@mail.com', '987654360'),
('Florencia', 'Silva', 'DNI', '91234570', 'Av. Rocafuerte 2424', 'florencia.silva@mail.com', '987654361'),
('Ricardo', 'Mora', 'DNI', '92345680', 'Calle Libertador 2525', 'ricardo.mora@mail.com', '987654362'),
('Luciana', 'Cabrera', 'DNI', '93456781', 'Av. Sol 2626', 'luciana.cabrera@mail.com', '987654363'),
('Benjamin', 'Herrera', 'DNI', '94567892', 'Calle Los Olivos 2727', 'benjamin.herrera@mail.com', '987654364'),
('Monica', 'Fuentes', 'DNI', '95678903', 'Av. San Pedro 2828', 'monica.fuentes@mail.com', '987654365'),
('Felix', 'Ramos', 'DNI', '96789014', 'Calle Las Brisas 2929', 'felix.ramos@mail.com', '987654366'),
('Natalia', 'Delgado', 'DNI', '97890125', 'Av. Palmeras 3030', 'natalia.delgado@mail.com', '987654367'),
('Cesar', 'Mejia', 'DNI', '98901236', 'Calle San Luis 3131', 'cesar.mejia@mail.com', '987654368'),
('Lorena', 'Aguilar', 'DNI', '99012347', 'Av. Independencia 3232', 'lorena.aguilar@mail.com', '987654369');
SELECT * from personas;

INSERT INTO empresas (razonsocial, telefono, correo, ruc) VALUES
('Soluciones Tech', '999888111', 'sistema.SolucionesTech@mail.com', '12345678901'),
('Innovatech', '999888222', 'sistema.Innovatech@mail.com', '23456789012'),
('Global Retailers', '999888333', 'sistema.GlobalRetailers@mail.com', '34567890123'),
('Aqua Blue Corp', '999888444', 'sistema.AquaBlueCorp@mail.com', '45678901234'),
('Vanguard Enterprises', '999888555', 'sistema.VanguardEnterprises@mail.com', '56789012345'),
('Horizon Industries', '999888666', 'sistema.HorizonIndustries@mail.com', '67890123456'),
('Zenith Traders', '999888777', 'sistema.ZenithTraders@mail.com', '78901234567'),
('Visionary Creations', '999888888', 'sistema.VisionaryCreations@mail.com', '89012345678'),
('NextGen Systems', '999888999', 'sistema.NextGenSystems@mail.com', '90123456789'),
('Prime Solutions', '999777112', 'sistema.PrimeSolutions@mail.com', '01234567890'),
('Tech Innovators', '999888123', 'sistema.TechInnovators@mail.com', '12345678912'),
('Smart Enterprises', '999888234', 'sistema.SmartEnterprises@mail.com', '23456789023'),
('Eco Solutions', '999888345', 'sistema.EcoSolutions@mail.com', '34567890134'),
('FutureTech', '999888456', 'sistema.FutureTech@mail.com', '45678901245'),
('NextEra Ventures', '999888567', 'sistema.NextEraVentures@mail.com', '56789012356'),
('Alpha Industries', '999888678', 'sistema.AlphaIndustries@mail.com', '67890123467'),
('Quantum Technologies', '999888789', 'sistema.QuantumTechnologies@mail.com', '78901234578'),
('Digital Enterprises', '999888890', 'sistema.DigitalEnterprises@mail.com', '89012345689'),
('Global Innovations', '999888901', 'sistema.GlobalInnovations@mail.com', '90123456790'),
('Skyline Corp', '999777223', 'sistema.SkylineCorp@mail.com', '01234567891'),
('TechFusion', '999777334', 'sistema.TechFusion@mail.com', '12345678923'),
('RedTech Solutions', '999777445', 'sistema.RedTechSolutions@mail.com', '23456789034'),
('Fix360', '999777336', 'sistema.Fix360@mail.com', '45678902458'),
('BlueOcean Technologies', '999777556', 'sistema.BlueOcean@mail.com', '34567890145'),
('Nova Systems', '999777667', 'sistema.NovaSystems@mail.com', '45678901256'),
('Infinity Solutions', '999777778', 'sistema.InfinitySolutions@mail.com', '56789012367'),
('CyberNet Corp', '999777889', 'sistema.CyberNetCorp@mail.com', '67890123478'),
('GreenTech Industries', '999777990', 'sistema.GreenTechIndustries@mail.com', '78901234589'),
('SkyHigh Enterprises', '999666111', 'sistema.SkyHighEnterprises@mail.com', '89012345690'),
('ByteWave Solutions', '999666222', 'sistema.ByteWaveSolutions@mail.com', '90123456791'),
('MegaSoft Corp', '999666333', 'sistema.MegaSoftCorp@mail.com', '01234567892'),
('Neon Technologies', '999666444', 'sistema.NeonTechnologies@mail.com', '12345678934'),
('OmniTech', '999666555', 'sistema.OmniTech@mail.com', '23456789045'),
('Vertex Enterprises', '999666666', 'sistema.VertexEnterprises@mail.com', '34567890156'),
('Titan Innovations', '999666777', 'sistema.TitanInnovations@mail.com', '45678901267'),
('Astral Systems', '999666888', 'sistema.AstralSystems@mail.com', '56789012378'),
('Solaris Technologies', '999666999', 'sistema.SolarisTech@mail.com', '67890123489'),
('Stellar Solutions', '999555111', 'sistema.StellarSolutions@mail.com', '78901234590'),
('HyperNet Corp', '999555222', 'sistema.HyperNetCorp@mail.com', '89012345691'),
('Optima Enterprises', '999555333', 'sistema.OptimaEnterprises@mail.com', '90123456792'),
('NovaTech Industries', '999555444', 'sistema.NovaTechIndustries@mail.com', '01234567893'),
('TurboSoft', '999555555', 'sistema.TurboSoft@mail.com', '12345678945'),
('Omicron Systems', '999555666', 'sistema.OmicronSystems@mail.com', '23456789056'),
('Galactic Innovations', '999555777', 'sistema.GalacticInnovations@mail.com', '34567890167'),
('CyberX Solutions', '999555888', 'sistema.CyberXSolutions@mail.com', '45678901278'),
('BlueWave Technologies', '999555999', 'sistema.BlueWaveTech@mail.com', '56789012389'),
('Quantum Soft', '999444111', 'sistema.QuantumSoft@mail.com', '67890123490'),
('Digital Nexus', '999444222', 'sistema.DigitalNexus@mail.com', '78901234591'),
('SkyNet Systems', '999444333', 'sistema.SkyNetSystems@mail.com', '89012345692'),
('Infinity Labs', '999444444', 'sistema.InfinityLabs@mail.com', '90123456793');
SELECT * from empresas;

INSERT INTO proveedores (idempresa) VALUES
(1), (2), (3), (4), (5), 
(6), (7), (8), (9), (10),
(11), (12), (13), (14), (15),
(16), (17), (18), (19), (20),
(21), (22), (23), (24), (25), 
(26), (27), (28),(29), (30),
(31), (32), (33),(34), (35), 
(36),(37), (38), (39), (40),
(41), (42), (43), (44), (45), 
(46), (47), (48), (49), (50);
SELECT * from proveedores;

INSERT INTO clientes (idempresa, idpersona) VALUES
(1, 1), (2, 2), (3, 3), (4, 4), (5, 5),
(6, 6), (7, 7), (8, 8), (9, 9), (10, 10),
(11, 11), (12, 12), (13, 13), (14, 14), (15, 15),
(16, 16), (17, 17), (18, 18), (19, 19), (20, 20),
(21, 21), (22, 22), (23, 23), (24, 24), (25, 25), 
(26, 26), (27, 27), (28, 28), (29, 29), (30, 30), 
(31, 31), (32, 32), (33, 33), (34, 34), (35, 35), 
(36, 36), (37, 37), (38, 38), (39, 39), (40, 40), 
(41, 41),(42, 42), (43, 43), (44, 44), (45, 45), 
(46, 46),(47, 47), (48, 48), (49, 49), (50, 50);
SELECT * from clientes;

INSERT INTO roles (rol) VALUES
('Admin'), ('Vendedor'), ('Gerente'), ('Soporte'), ('Contable'),
('Director'), ('Operador'), ('Jefe de Ventas'), ('Supervisor');
SELECT * from roles;

INSERT INTO marcas (nombre, tipo) VALUES
('BOSCH', 'REPUESTOS DE MOTOR'),
('ACDELCO', 'BATERÍAS'),
('K&N', 'FILTROS'),
('MICHELIN', 'LLANTAS'),
('SKF', 'SUSPENSIÓN'),
('CASTROL', 'ACEITES Y LUBRICANTES'),
('NGK', 'BUJÍAS'),
('FERODO', 'FRENOS'),
('MONROE', 'AMORTIGUADORES'),
('MEYLE', 'SUSPENSIÓN Y DIRECCIÓN'),
('BILSTEIN', 'AMORTIGUADORES'),
('VARTA', 'BATERÍAS'),
('VALVOLINE', 'ACEITES Y LUBRICANTES'),
('HELLA', 'ILUMINACIÓN Y ELECTRÓNICA'),
('MAHLE', 'FILTRACIÓN Y MOTOR'),
('BERU', 'BUJÍAS Y SENSORES'),
('DAYCO', 'CORREAS Y CADENAS'),
('SHELL', 'ACEITES Y LUBRICANTES'),
('PIONEER', 'ELECTRÓNICA AUTOMOTRIZ'),
('MANN-FILTER', 'FILTROS'),
('ROULETTE', 'HERRAMIENTAS AUTOMOTRICES'),
('GATES', 'CORREAS Y KITS DE DISTRIBUCIÓN'),
('WIX', 'FILTROS'),
('TRW', 'FRENOS Y SUSPENSIÓN'),
('LUCAS', 'BATERÍAS Y COMPONENTES ELÉCTRICOS'),
('AUTOLITE', 'BUJÍAS'),
('DENSO', 'COMPONENTES ELÉCTRICOS Y SENSORES'),
('GOODYEAR', 'LLANTAS'),
('FUCHS', 'ACEITES Y LUBRICANTES'),
('HANKOOK', 'LLANTAS'),
('ZF', 'SUSPENSIÓN Y DIRECCIÓN'),
('RAYBESTOS', 'FRENOS'),
('TRICO', 'BOCINAS Y LIMPIAPARABRISAS'),
('AEM', 'FILTROS Y ADMISIÓN DE AIRE'),
('MOOG', 'SUSPENSIÓN Y DIRECCIÓN'),
('AUTOMEGA', 'SUSPENSIÓN Y DIRECCIÓN'),
('REMCO', 'HERRAMIENTAS AUTOMOTRICES'),
('PIERBURG', 'COMPONENTES DE MOTOR'),
('SABO', 'ACEITES Y LUBRICANTES'),
('ACME', 'HERRAMIENTAS AUTOMOTRICES'),
('LOCTITE', 'PRODUCTOS QUÍMICOS Y ADHESIVOS'),
('HITACHI', 'ELECTRÓNICA AUTOMOTRIZ'),
('BREMBO', 'FRENOS'),
('MAGNETI MARELLI', 'COMPONENTES AUTOMOTRICES'),
('LUBER-FINER', 'FILTROS'),
('PERMATEX', 'PRODUCTOS QUÍMICOS AUTOMOTRICES'),
('SUSPENSION TECH', 'SUSPENSIÓN'),
('SCHRADER', 'SENSORES DE PRESIÓN DE NEUMÁTICOS'),
('EBC BRAKES', 'FRENOS'),
('KYB', 'AMORTIGUADORES');
SELECT * from marcas;

INSERT INTO contratos (idrol, idpersona, fechainicio, fechafin) VALUES
(1, 1, '2025-01-01', '2025-12-31'),
(2, 2, '2025-02-01', '2025-12-31'),
(3, 3, '2025-03-01', '2025-12-31'),
(4, 4, '2025-04-01', '2025-12-31'),
(5, 5, '2025-05-01', '2025-12-31'),
(6, 6, '2025-06-01', '2025-12-31'),
(7, 7, '2025-07-01', '2025-12-31'),
(8, 8, '2025-08-01', '2025-12-31'),
(9, 9, '2025-09-01', '2025-12-31'),
(1, 10, '2025-10-01', '2025-12-31'),
(1, 11, '2025-11-01', '2025-12-31'),
(2, 12, '2025-12-01', '2025-12-31'),
(3, 13, '2025-01-15', '2025-12-15'),
(4, 14, '2025-02-15', '2025-12-15'),
(5, 15, '2025-03-15', '2025-12-15'),
(6, 16, '2025-04-15', '2025-12-15'),
(7, 17, '2025-05-15', '2025-12-15'),
(8, 18, '2025-06-15', '2025-12-15'),
(9, 19, '2025-07-15', '2025-12-15'),
(1, 20, '2025-08-15', '2025-12-15'),
(1, 21, '2025-09-15', '2025-12-15'),
(2, 22, '2025-10-15', '2025-12-15'),
(3, 23, '2025-11-15', '2025-12-15'),
(4, 24, '2025-12-15', '2025-12-15'),
(5, 25, '2025-01-01', '2025-12-01'),
(6, 26, '2025-02-01', '2025-12-01'),
(7, 27, '2025-03-01', '2025-12-01'),
(8, 28, '2025-04-01', '2025-12-01'),
(9, 29, '2025-05-01', '2025-12-01'),
(1, 30, '2025-06-01', '2025-12-01'),
(1, 31, '2025-01-01', '2025-06-01'),
(2, 32, '2025-02-01', '2025-06-01'),
(3, 33, '2025-03-01', '2025-06-01'),
(4, 34, '2025-04-01', '2025-06-01'),
(5, 35, '2025-05-01', '2025-06-01'),
(6, 36, '2025-06-01', '2025-06-01'),
(7, 37, '2025-07-01', '2025-06-01'),
(8, 38, '2025-08-01', '2025-06-01'),
(9, 39, '2025-09-01', '2025-06-01'),
(1, 40, '2025-10-01', '2025-06-01'),
(1, 41, '2025-11-01', '2025-06-01'),
(2, 42, '2025-12-01', '2025-06-01'),
(3, 43, '2025-01-01', '2025-05-01'),
(4, 44, '2025-02-01', '2025-05-01'),
(5, 45, '2025-03-01', '2025-05-01'),
(6, 46, '2025-04-01', '2025-05-01'),
(7, 47, '2025-05-01', '2025-05-01'),
(8, 48, '2025-06-01', '2025-05-01'),
(9, 49, '2025-07-01', '2025-05-01'),
(1, 50, '2025-08-01', '2025-05-01');
SELECT * FROM contratos;


INSERT INTO colaboradores (idcontrato, namuser, passuser) VALUES
(1, 'juan.perez', 'juan1234'),
(2, 'maria.gomez', 'maria5678'),
(3, 'carlos.diaz', 'carlosabcd'),
(4, 'ana.martinez', 'ana4321'),
(5, 'luis.rodriguez', 'luis9876'),
(6, 'paula.hernandez', 'paulaqwert'),
(7, 'sofia.lopez', 'sofia1357'),
(8, 'pedro.sanchez', 'pedro2468'),
(9, 'carlos.morales', 'carlosxyz'),
(10, 'lucia.fernandez', 'lucia0987'),
(11, 'valentino.anchante', 'valentino9876'),
(12, 'miguel.perez', 'miguel5432'),
(13, 'laura.ramirez', 'laura1234'),
(14, 'javier.martinez', 'javierqwert'),
(15, 'elena.gonzalez', 'elenazxy'),
(16, 'santiago.lopez', 'santi1234'),
(17, 'isabel.fernandez', 'isabel9876'),
(18, 'felipe.rodriguez', 'felipeqwert'),
(19, 'carla.sanchez', 'carla321'),
(20, 'victor.diaz', 'victorabcd'),
(21, 'marta.hernandez', 'marta5678'),
(22, 'alejandro.morales', 'alejandro098'),
(23, 'victoria.gomez', 'victoria2345'),
(24, 'fernando.castillo', 'fercast1122'),
(25, 'camila.ruiz', 'camila1234'),
(26, 'hugo.mendoza', 'hugomendoza1'),
(27, 'natalia.ortega', 'natalia6543'),
(28, 'sebastian.vega', 'sebastian123'),
(29, 'daniela.chavez', 'daniela7890'),
(30, 'diego.torres', 'diegoabcd123'),
(31, 'andrea.paredes', 'andrea1234'),
(32, 'rodrigo.flores', 'rodrigo9876'),
(33, 'gabriela.navarro', 'gabriela1111'),
(34, 'pablo.rios', 'pablo9876'),
(35, 'juliana.suarez', 'juliana321'),
(36, 'matias.beltran', 'matias098'),
(37, 'esteban.vargas', 'esteban6543'),
(38, 'rocio.maldonado', 'rocio4567'),
(39, 'mariano.gutierrez', 'mariano5678'),
(40, 'carolina.pena', 'carolina2345'),
(41, 'emilio.castro', 'emilioqwert'),
(42, 'florencia.silva', 'florencia123'),
(43, 'ricardo.mora', 'ricardoabc'),
(44, 'luciana.cabrera', 'luciana1122'),
(45, 'benjamin.herrera', 'benjamin9876'),
(46, 'monica.fuentes', 'monica2345'),
(47, 'felix.ramos', 'felix8765'),
(48, 'natalia.delgado', 'natalia5432'),
(49, 'cesar.mejia', 'cesarqwert'),
(50, 'lorena.aguilar', 'lorena2345');

INSERT INTO categorias (nombre) VALUES
('Repuestos de Motor'), 
('Frenos y Suspensión'), 
('Aceites y Lubricantes'), 
('Herramientas y Equipos'), 
('Accesorios Automotrices'),
('Baterías y Cargadores'), 
('Frenos y Llantas'), 
('Sistemas Eléctricos'), 
('Baterías de Vehículos'), 
('Componentes de Distribución'),
('Filtros y Aire Acondicionado'), 
('Limpieza y Detalles de Vehículos'), 
('Luces y Faros'), 
('Partes de Carrocería'), 
('Sistemas de Refrigeración'), 
('Neumáticos y Llantas de Repuesto'), 
('Bujías y Encendido'), 
('Aceite para Motor y Filtros'), 
('Cables y Conectores Eléctricos'), 
('Lubricantes para Transmisión'),
('Sistemas de Escape'), 
('Transmisión y Embragues'), 
('Partes de Suspensión y Dirección'), 
('Radiadores y Enfriadores'), 
('Filtros de Aire y Combustible'), 
('Accesorios para Interior de Vehículos'), 
('Sistema de Admisión de Aire'), 
('Herramientas de Diagnóstico Automotriz'), 
('Aceites para Transmisión y Diferenciales'), 
('Partes para Motor y Transmisión'),
('Suspensión Deportiva'), 
('Cadenas de Distribución'),
('Aros y Rines de Alto Rendimiento'),
('Lubricantes para Motores Diesel'),
('Bujías de Alto Rendimiento'),
('Accesorios de Seguridad Automotriz'),
('Filtros de Aceite de Alto Flujo'),
('Luces Xenón'),
('Alineación y Balanceo de Neumáticos'),
('Cajas de Dirección'),
('Escapes de Alto Rendimiento'),
('Sistemas de Inyección de Combustible'),
('Cables de Encendido'),
('Kits de Transmisión'),
('Partes para Climatización de Vehículos'),
('Lubricantes Sintéticos'),
('Aceites para Vehículos Eléctricos'),
('Partes de Reemplazo para Filtros de Aire'),
('Herramientas de Reparación Automotriz'),
('Baterías de Reemplazo para Vehículos Eléctricos');


INSERT INTO subcategorias (idcategoria, nombre) VALUES
(1, 'Filtros de Aceite'), 
(1, 'Bujías'), 
(2, 'Amortiguadores'), 
(2, 'Pastillas de Freno'),
(3, 'Aceites de Motor'), 
(4, 'Herramientas Manuales'), 
(4, 'Equipos de Diagnóstico'),
(5, 'Accesorios de Vehículo'),
(6, 'Baterías Automotrices'),
(7, 'Llantas y Rines'),
(8, 'Alternadores'),
(9, 'Baterías para Arranque'),
(10, 'Distribuidores de Encendido'),
(11, 'Filtros de Aire Acondicionado'),
(12, 'Productos de Limpieza de Interiores'),
(13, 'Faros LED'),
(14, 'Parachoques'),
(15, 'Condensadores de A/C'),
(16, 'Llantas de Repuesto'),
(17, 'Bobinas de Encendido'),
(18, 'Filtros de Aceite y Aire'),
(19, 'Cables y Conectores para Automóviles'),
(20, 'Aceites para Transmisión'),
(21, 'Sistemas de Escape y Silenciadores'),
(22, 'Embragues y Transmisiones'),
(23, 'Barras de Dirección'),
(24, 'Radiadores de Motor'),
(25, 'Filtros de Combustible'),
(26, 'Accesorios para Asientos y Volante'),
(27, 'Filtros de Aire de Admisión'),
(28, 'Herramientas de Diagnóstico OBDII'),
(29, 'Aceites para Diferenciales y Cajas de Cambio'),
(30, 'Partes de Motor para Reemplazo'),
(31, 'Suspensión Deportiva Regresiva'),
(32, 'Cadenas de Distribución Automáticas'),
(33, 'Aros de Alto Rendimiento'),
(34, 'Lubricantes Diesel de Alta Temperatura'),
(35, 'Bujías de Encendido Rápido'),
(36, 'Accesorios de Seguridad Automotriz Pasiva'),
(37, 'Filtros de Aceite de Alto Flujo'),
(38, 'Luces Xenón para Automóviles'),
(39, 'Sistemas de Alineación y Balanceo'),
(40, 'Cajas de Dirección Hidráulicas'),
(41, 'Sistemas de Escape Deportivos'),
(42, 'Inyectores de Combustible de Alto Rendimiento'),
(43, 'Cables de Encendido de Alta Tensión'),
(44, 'Kits de Transmisión Automática'),
(45, 'Repuestos para Climatización de Vehículos'),
(46, 'Aceites Lubricantes Sintéticos'),
(47, 'Aceites para Vehículos Eléctricos'),
(48, 'Filtros de Aire para Motores Deportivos'),
(49, 'Herramientas de Reparación de Motor'),
(50, 'Baterías de Reemplazo para Vehículos Eléctricos');


INSERT INTO productos (idmarca, idsubcategoria, nombre, precio, presentacion, undmedida, cantidad) VALUES
(1, 1, 'Filtro de Aceite', 30.00, 'Filtro', 'Unidad', 100),
(2, 2, 'Bujías', 10.00, 'Bujía', 'Unidad', 200),
(3, 3, 'Aceite de Motor', 50.00, 'Aceite', 'Litro', 150),
(4, 4, 'Amortiguadores', 120.00, 'Amortiguador', 'Unidad', 50),
(5, 5, 'Pastillas de Freno', 40.00, 'Pastillas', 'Par', 100),
(6, 6, 'Llantas', 150.00, 'Llanta', 'Unidad', 40),
(7, 7, 'Kit de Distribución', 200.00, 'Kit', 'Unidad', 30),
(8, 8, 'Batería', 120.00, 'Batería', 'Unidad', 80),
(9, 9, 'Aceite para Transmisión', 45.00, 'Aceite', 'Litro', 100),
(10, 10, 'Correas de Ventilador', 20.00, 'Correa', 'Unidad', 150),
(11, 11, 'Filtro de Aire', 25.00, 'Filtro', 'Unidad', 120),
(12, 12, 'Limpiaparabrisas', 15.00, 'Limpiaparabrisas', 'Unidad', 200),
(13, 13, 'Faros LED', 80.00, 'Faros', 'Par', 50),
(14, 14, 'Parachoques', 120.00, 'Parachoques', 'Unidad', 60),
(15, 15, 'Radiador', 150.00, 'Radiador', 'Unidad', 70),
(16, 16, 'Neumáticos de Repuesto', 100.00, 'Neumático', 'Unidad', 120),
(17, 17, 'Bujías de Encendido', 12.00, 'Bujía', 'Unidad', 150),
(18, 18, 'Aceite para Motor', 55.00, 'Aceite', 'Litro', 130),
(19, 19, 'Cables Eléctricos', 5.00, 'Cable', 'Metro', 500),
(20, 20, 'Lubricante para Transmisión', 60.00, 'Lubricante', 'Litro', 110),
(21, 21, 'Sistema de Escape', 180.00, 'Sistema', 'Unidad', 40),
(22, 22, 'Embragues', 75.00, 'Embrague', 'Unidad', 60),
(23, 23, 'Suspensión delantera', 140.00, 'Suspensión', 'Unidad', 45),
(24, 24, 'Radiadores', 170.00, 'Radiador', 'Unidad', 90),
(25, 25, 'Filtro de Combustible', 18.00, 'Filtro', 'Unidad', 100),
(26, 26, 'Alfombrillas de Vehículo', 25.00, 'Alfombrilla', 'Unidad', 150),
(27, 27, 'Filtro de Admisión de Aire', 40.00, 'Filtro', 'Unidad', 80),
(28, 28, 'Escáner Automotriz', 300.00, 'Escáner', 'Unidad', 20),
(29, 29, 'Aceite para Transmisión Manual', 50.00, 'Aceite', 'Litro', 100),
(30, 30, 'Frenos de Disco', 90.00, 'Frenos', 'Par', 80),
(31, 1, 'Filtro de Aceite de Alto Rendimiento', 35.00, 'Filtro', 'Unidad', 100),
(32, 2, 'Bujías de Alto Rendimiento', 18.00, 'Bujía', 'Unidad', 150),
(33, 3, 'Aceite Sintético', 70.00, 'Aceite', 'Litro', 90),
(34, 4, 'Amortiguadores Deportivos', 150.00, 'Amortiguador', 'Unidad', 30),
(35, 5, 'Pastillas de Freno de Alto Rendimiento', 60.00, 'Pastillas', 'Par', 80),
(36, 6, 'Llantas de Alto Rendimiento', 200.00, 'Llanta', 'Unidad', 50),
(37, 7, 'Kit de Distribución de Motor', 250.00, 'Kit', 'Unidad', 25),
(38, 8, 'Batería AGM', 160.00, 'Batería', 'Unidad', 70),
(39, 9, 'Aceite para Transmisión Automática', 55.00, 'Aceite', 'Litro', 120),
(40, 10, 'Correas de Ventilador de Alta Resistencia', 25.00, 'Correa', 'Unidad', 100),
(41, 11, 'Filtro de Aire de Alto Flujo', 30.00, 'Filtro', 'Unidad', 150),
(42, 12, 'Limpiaparabrisas de Silicone', 18.00, 'Limpiaparabrisas', 'Unidad', 180),
(43, 13, 'Faros LED de Alto Rendimiento', 120.00, 'Faros', 'Par', 40),
(44, 14, 'Parachoques de Alto Impacto', 150.00, 'Parachoques', 'Unidad', 60),
(45, 15, 'Radiador de Alto Rendimiento', 180.00, 'Radiador', 'Unidad', 50),
(46, 16, 'Neumáticos de Alto Rendimiento', 180.00, 'Neumático', 'Unidad', 100),
(47, 17, 'Bujías de Encendido de Alto Rendimiento', 15.00, 'Bujía', 'Unidad', 130),
(48, 18, 'Aceite para Motor Diesel', 65.00, 'Aceite', 'Litro', 110),
(49, 19, 'Cables Eléctricos de Alta Resistencia', 7.00, 'Cable', 'Metro', 400),
(50, 20, 'Lubricante para Transmisión Manual', 65.00, 'Lubricante', 'Litro', 90);


INSERT INTO kardex (idproducto, fecha, stockmin, stockmax) VALUES
(1, '2025-02-01', 10, 100), -- Filtro de Aceite
(2, '2025-02-01', 15, 120), -- Bujías
(3, '2025-02-01', 5, 50),   -- Aceite de Motor
(4, '2025-02-01', 8, 60),   -- Amortiguadores
(5, '2025-02-01', 10, 80),  -- Frenos de Disco
(6, '2025-02-01', 20, 150), -- Llantas
(7, '2025-02-01', 30, 200), -- Kit de Distribución
(8, '2025-02-01', 25, 100), -- Batería
(9, '2025-02-01', 10, 50),  -- Aceite para Transmisión
(10, '2025-02-01', 15, 60), -- Correas de Ventilador
(11, '2025-02-01', 20, 80), -- Filtros de Aire
(12, '2025-02-01', 12, 50), -- Amortiguadores para vehículos
(13, '2025-02-01', 10, 80), -- Pastillas de Freno
(14, '2025-02-01', 15, 70), -- Sistemas de Escape
(15, '2025-02-01', 5, 40),  -- Radiadores
(16, '2025-02-01', 25, 100), -- Accesorios para Interior de Vehículo
(17, '2025-02-01', 30, 150), -- Aceite para Motor
(18, '2025-02-01', 18, 60),  -- Bujías para vehículos
(19, '2025-02-01', 10, 40),  -- Baterías de Vehículos
(20, '2025-02-01', 30, 200), -- Filtros de Combustible
(21, '2025-02-01', 25, 150), -- Componentes de Suspensión
(22, '2025-02-01', 20, 120), -- Llantas de Repuesto
(23, '2025-02-01', 10, 50),  -- Herramientas Automotrices
(24, '2025-02-01', 15, 80),  -- Cables y Conectores Eléctricos
(25, '2025-02-01', 5, 40),   -- Llantas de Camioneta
(26, '2025-02-01', 10, 60),  -- Kit de Herramientas
(27, '2025-02-01', 8, 50),   -- Aceites y Lubricantes
(28, '2025-02-01', 20, 100), -- Filtros de Aire y Aceite
(29, '2025-02-01', 12, 80),  -- Partes para Transmisión
(30, '2025-02-01', 18, 90),  -- Piezas para Motor
(31, '2025-02-01', 10, 90),  -- Filtro de Aceite de Alto Rendimiento
(32, '2025-02-01', 12, 100), -- Bujías de Alto Rendimiento
(33, '2025-02-01', 5, 40),   -- Aceite Sintético
(34, '2025-02-01', 10, 80),  -- Amortiguadores Deportivos
(35, '2025-02-01', 15, 90),  -- Pastillas de Freno de Alto Rendimiento
(36, '2025-02-01', 20, 150), -- Llantas de Alto Rendimiento
(37, '2025-02-01', 25, 200), -- Kit de Distribución de Motor
(38, '2025-02-01', 15, 80),  -- Batería AGM
(39, '2025-02-01', 10, 60),  -- Aceite para Transmisión Automática
(40, '2025-02-01', 12, 70),  -- Correas de Ventilador de Alta Resistencia
(41, '2025-02-01', 20, 100), -- Filtro de Aire de Alto Flujo
(42, '2025-02-01', 15, 70),  -- Limpiaparabrisas de Silicone
(43, '2025-02-01', 8, 40),   -- Faros LED de Alto Rendimiento
(44, '2025-02-01', 20, 80),  -- Parachoques de Alto Impacto
(45, '2025-02-01', 18, 90),  -- Radiadores de Alto Rendimiento
(46, '2025-02-01', 12, 60),  -- Neumáticos de Alto Rendimiento
(47, '2025-02-01', 15, 100), -- Bujías de Encendido de Alto Rendimiento
(48, '2025-02-01', 10, 50),  -- Aceite para Motor Diesel
(49, '2025-02-01', 12, 70),  -- Cables Eléctricos de Alta Resistencia
(50, '2025-02-01', 8, 60);   -- Lubricante para Transmisión Manual


INSERT INTO tipomovimientos (flujo, tipomov) VALUES
('entrada', 'Ingreso de repuestos'),
('salida', 'Venta de repuestos'),
('entrada', 'Recepción de repuestos de proveedor'),
('salida', 'Venta a cliente final'),
('entrada', 'Reabastecimiento de stock'),
('salida', 'Devolución de repuesto defectuoso'),
('entrada', 'Ingreso de repuestos nuevos'),
('salida', 'Consumo interno para mantenimiento'),
('entrada', 'Compra de repuestos'),
('salida', 'Descarte de repuesto vencido'),
('entrada', 'Reemplazo de repuestos defectuosos'),
('salida', 'Reparación de vehículo de cliente'),
('entrada', 'Ingreso de aceite para vehículos'),
('salida', 'Venta de llantas'),
('entrada', 'Recepción de accesorios automotrices'),
('salida', 'Venta de baterías de vehículos'),
('entrada', 'Compra de bujías'),
('salida', 'Venta de amortiguadores'),
('entrada', 'Ingreso de kits de distribución'),
('salida', 'Venta de repuestos para frenos'),
('entrada', 'Compra de sistemas eléctricos'),
('salida', 'Venta de partes de carrocería'),
('entrada', 'Ingreso de componentes para motor'),
('salida', 'Consumo de herramientas para taller'),
('entrada', 'Ingreso de filtros de aire'),
('salida', 'Venta de partes de suspensión'),
('entrada', 'Recepción de piezas para refrigeración'),
('salida', 'Venta de sistemas de escape'),
('entrada', 'Compra de correas de ventilador'),
('entrada', 'Ingreso de filtros de aire nuevos'),
('salida', 'Venta de bujías de alto rendimiento'),
('entrada', 'Recepción de piezas de amortiguadores deportivos'),
('salida', 'Venta de pastillas de freno deportivas'),
('entrada', 'Reabastecimiento de aceite sintético'),
('salida', 'Devolución de baterías defectuosas'),
('entrada', 'Ingreso de faros LED nuevos'),
('salida', 'Consumo de radiadores para vehículos'),
('entrada', 'Compra de llantas de alto rendimiento'),
('salida', 'Descarte de llantas en mal estado'),
('entrada', 'Ingreso de piezas de suspensión para vehículos'),
('salida', 'Venta de componentes de carrocería'),
('entrada', 'Recepción de repuestos para sistema de escape'),
('salida', 'Venta de aceites para motores diesel'),
('entrada', 'Compra de repuestos para sistemas eléctricos'),
('salida', 'Venta de piezas para kits de distribución'),
('entrada', 'Ingreso de repuestos para frenos'),
('salida', 'Venta de componentes para refrigeración'),
('entrada', 'Compra de accesorios para interiores de vehículos'),
('salida', 'Devolución de piezas defectuosas de transmisión');


INSERT INTO movimientos (idkardex, idtipomov, fecha, cantidad, saldorestante) VALUES
(1, 1, '2025-02-01', 50, 50),
(2, 1, '2025-02-01', 100, 100),
(3, 1, '2025-02-01', 30, 30),
(4, 1, '2025-02-01', 40, 40),
(5, 1, '2025-02-01', 60, 60),
(6, 1, '2025-02-01', 100, 100),
(7, 1, '2025-02-01', 100, 100),
(8, 1, '2025-02-01', 25, 25),
(9, 1, '2025-02-01', 30, 30),
(10, 1, '2025-02-01', 15, 15),
(11, 1, '2025-02-01', 20, 20),
(12, 1, '2025-02-01', 12, 12),
(13, 1, '2025-02-01', 10, 10),
(14, 1, '2025-02-01', 15, 15),
(15, 1, '2025-02-01', 5, 5),
(16, 1, '2025-02-01', 25, 25),
(17, 1, '2025-02-01', 30, 30),
(18, 1, '2025-02-01', 18, 18),
(19, 1, '2025-02-01', 10, 10),
(20, 1, '2025-02-01', 30, 30),
(21, 1, '2025-02-07', 30, 30),
(22, 1, '2025-02-07', 25, 25),
(23, 1, '2025-02-07', 20, 20),
(24, 1, '2025-02-07', 15, 15),
(25, 1, '2025-02-07', 10, 10),
(26, 1, '2025-02-07', 50, 50),
(27, 1, '2025-02-07', 35, 35),
(28, 1, '2025-02-07', 40, 40),
(29, 1, '2025-02-07', 60, 60),
(30, 1, '2025-02-07', 70, 70),
-- Salidas
(1, 2, '2025-02-05', 10, 40),
(2, 2, '2025-02-05', 20, 80),
(3, 2, '2025-02-05', 5, 25),
(4, 2, '2025-02-05', 10, 30),
(5, 2, '2025-02-05', 15, 45),
(6, 2, '2025-02-05', 30, 70),
(7, 2, '2025-02-05', 25, 75),
(8, 2, '2025-02-05', 10, 15),
(9, 2, '2025-02-05', 5, 25),
(10, 2, '2025-02-05', 10, 5),
(11, 2, '2025-02-06', 15, 35),
(12, 2, '2025-02-06', 25, 45),
(13, 2, '2025-02-06', 10, 20),
(14, 2, '2025-02-06', 15, 35),
(15, 2, '2025-02-06', 25, 35),
(16, 2, '2025-02-06', 30, 70),
(17, 2, '2025-02-06', 10, 70),
(18, 2, '2025-02-06', 15, 25),
(19, 2, '2025-02-06', 5, 25),
(20, 2, '2025-02-06', 10, 40);


INSERT INTO ventas (idcliente, idcolaborador, tipocom, numserie, numcom) VALUES
(1, 1, 'Venta al por mayor', 'SN1234561', 'NC001'),
(2, 2, 'Venta al detalle', 'SN6543212', 'NC002'),
(3, 3, 'Venta al por mayor', 'SN7890123', 'NC003'),
(4, 4, 'Venta al detalle', 'SN3456784', 'NC004'),
(5, 5, 'Venta al por mayor', 'SN9876545', 'NC005'),
(6, 6, 'Venta al detalle', 'SN2468106', 'NC006'),
(7, 7, 'Venta al por mayor', 'SN1357917', 'NC007'),
(8, 8, 'Venta al detalle', 'SN8642098', 'NC008'),
(9, 9, 'Venta al por mayor', 'SN1122339', 'NC009'),
(10, 10, 'Venta al detalle', 'SN4455660', 'NC010'),
(11, 11, 'Venta al por mayor', 'SN6677881', 'NC011'),
(12, 12, 'Venta al detalle', 'SN9988772', 'NC012'),
(13, 13, 'Venta al por mayor', 'SN2233443', 'NC013'),
(14, 14, 'Venta al detalle', 'SN5544334', 'NC014'),
(15, 15, 'Venta al por mayor', 'SN7766555', 'NC015'),
(16, 16, 'Venta al detalle', 'SN8899006', 'NC016'),
(17, 17, 'Venta al por mayor', 'SN1122337', 'NC017'),
(18, 18, 'Venta al detalle', 'SN4455668', 'NC018'),
(19, 19, 'Venta al por mayor', 'SN6677889', 'NC019'),
(20, 20, 'Venta al detalle', 'SN9988770', 'NC020'),
(21, 21, 'Venta al por mayor', 'SN2233440', 'NC021'),
(22, 22, 'Venta al detalle', 'SN5544331', 'NC022'),
(23, 23, 'Venta al por mayor', 'SN7766552', 'NC023'),
(24, 24, 'Venta al detalle', 'SN8899003', 'NC024'),
(25, 25, 'Venta al por mayor', 'SN1122338', 'NC025'),
(26, 26, 'Venta al detalle', 'SN4455669', 'NC026'),
(27, 27, 'Venta al por mayor', 'SN6677883', 'NC027'),
(28, 28, 'Venta al detalle', 'SN9988774', 'NC028'),
(29, 29, 'Venta al por mayor', 'SN2233449', 'NC029'),
(30, 30, 'Venta al detalle', 'SN5544338', 'NC030'),
(31, 31, 'Venta al por mayor', 'SN2233440', 'NC031'),
(32, 32, 'Venta al detalle', 'SN6677880', 'NC032'),
(33, 33, 'Venta al por mayor', 'SN9988771', 'NC033'),
(34, 34, 'Venta al detalle', 'SN1122335', 'NC034'),
(35, 35, 'Venta al por mayor', 'SN4455667', 'NC035'),
(36, 36, 'Venta al detalle', 'SN6677882', 'NC036'),
(37, 37, 'Venta al por mayor', 'SN9988773', 'NC037'),
(38, 38, 'Venta al detalle', 'SN2233442', 'NC038'),
(39, 39, 'Venta al por mayor', 'SN5544336', 'NC039'),
(40, 40, 'Venta al detalle', 'SN7766557', 'NC040'),
(41, 41, 'Venta al por mayor', 'SN8899004', 'NC041'),
(42, 42, 'Venta al detalle', 'SN1122336', 'NC042'),
(43, 43, 'Venta al por mayor', 'SN4455668', 'NC043'),
(44, 44, 'Venta al detalle', 'SN6677884', 'NC044'),
(45, 45, 'Venta al por mayor', 'SN9988775', 'NC045'),
(46, 46, 'Venta al detalle', 'SN2233445', 'NC046'),
(47, 47, 'Venta al por mayor', 'SN5544339', 'NC047'),
(48, 48, 'Venta al detalle', 'SN7766558', 'NC048'),
(49, 49, 'Venta al por mayor', 'SN8899005', 'NC049'),
(50, 50, 'Venta al detalle', 'SN1122337', 'NC050');


INSERT INTO detalleventa (idproducto, idventa, cantidad, precioventa, descuento) VALUES
(1, 1, 5, 30.00, 5.00),  -- Filtro de Aceite
(2, 2, 10, 10.00, 1.00),  -- Bujías
(3, 3, 4, 50.00, 3.00),  -- Aceite de Motor
(4, 4, 3, 120.00, 10.00), -- Amortiguadores
(5, 5, 8, 40.00, 2.00),  -- Pastillas de Freno
(6, 6, 2, 150.00, 20.00), -- Llantas
(7, 7, 5, 200.00, 15.00), -- Kit de Distribución
(8, 8, 6, 120.00, 10.00), -- Batería
(9, 9, 10, 50.00, 5.00),  -- Aceite para Transmisión
(10, 10, 7, 20.00, 3.00),  -- Correas de Ventilador
(11, 11, 4, 25.00, 5.00),  -- Filtro de Aire
(12, 12, 5, 15.00, 1.00),  -- Limpiaparabrisas
(13, 13, 3, 80.00, 10.00),  -- Faros LED
(14, 14, 2, 120.00, 15.00), -- Parachoques
(15, 15, 3, 150.00, 5.00),  -- Radiador
(16, 16, 4, 100.00, 10.00), -- Neumáticos de Repuesto
(17, 17, 6, 12.00, 1.00),  -- Bujías de Encendido
(18, 18, 4, 55.00, 2.00),  -- Aceite para Motor
(19, 19, 15, 5.00, 0.50),  -- Cables Eléctricos
(20, 20, 8, 60.00, 8.00),  -- Lubricante para Transmisión
(21, 21, 2, 180.00, 20.00), -- Sistema de Escape
(22, 22, 3, 75.00, 10.00),  -- Embragues
(23, 23, 4, 140.00, 15.00), -- Suspensión delantera
(24, 24, 6, 170.00, 12.00), -- Radiadores
(25, 25, 10, 18.00, 1.00),  -- Filtro de Combustible
(26, 26, 7, 25.00, 5.00),  -- Alfombrillas de Vehículo
(27, 27, 3, 40.00, 4.00),  -- Filtro de Admisión de Aire
(28, 28, 1, 300.00, 50.00), -- Escáner Automotriz
(29, 29, 5, 50.00, 5.00),  -- Aceite para Transmisión Manual
(30, 30, 2, 90.00, 7.00),  -- Frenos de Disco
(31, 31, 5, 30.00, 3.00),  -- Filtro de Aceite de Alto Rendimiento
(32, 32, 6, 18.00, 2.00),  -- Bujías de Alto Rendimiento
(33, 33, 7, 70.00, 5.00),  -- Aceite Sintético
(34, 34, 4, 150.00, 10.00), -- Amortiguadores Deportivos
(35, 35, 3, 60.00, 4.00),  -- Pastillas de Freno de Alto Rendimiento
(36, 36, 1, 200.00, 25.00), -- Llantas de Alto Rendimiento
(37, 37, 6, 250.00, 30.00), -- Kit de Distribución de Motor
(38, 38, 3, 160.00, 15.00), -- Batería AGM
(39, 39, 8, 55.00, 6.00),  -- Aceite para Transmisión Automática
(40, 40, 4, 25.00, 2.00),  -- Correas de Ventilador de Alta Resistencia
(41, 41, 5, 30.00, 3.00),  -- Filtro de Aire de Alto Flujo
(42, 42, 6, 18.00, 2.00),  -- Limpiaparabrisas de Silicone
(43, 43, 2, 120.00, 15.00), -- Faros LED de Alto Rendimiento
(44, 44, 3, 150.00, 20.00), -- Parachoques de Alto Impacto
(45, 45, 4, 180.00, 10.00), -- Radiador de Alto Rendimiento
(46, 46, 2, 180.00, 15.00), -- Neumáticos de Alto Rendimiento
(47, 47, 6, 15.00, 2.00),  -- Bujías de Encendido de Alto Rendimiento
(48, 48, 5, 65.00, 7.00),  -- Aceite para Motor Diesel
(49, 49, 15, 7.00, 0.75),  -- Cables Eléctricos de Alta Resistencia
(50, 50, 8, 65.00, 5.00);  -- Lubricante para Transmisión Manual


INSERT INTO compras (idproveedor, idcolaborador, fechacompra, tipocom, numserie, numcom, moneda) VALUES
(1, 1, '2025-02-25', 'Compra al por mayor', 'SN111223', 'NC001', 'USD'),
(2, 2, '2025-02-25', 'Compra al por mayor', 'SN334455', 'NC002', 'MXN'),
(3, 3, '2025-02-25', 'Compra al por mayor', 'SN667788', 'NC003', 'USD'),
(4, 4, '2025-02-25', 'Compra al por mayor', 'SN990011', 'NC004', 'MXN'),
(5, 5, '2025-02-25', 'Compra al por mayor', 'SN112233', 'NC005', 'USD'),
(6, 6, '2025-02-25', 'Compra al por mayor', 'SN223344', 'NC006', 'MXN'),
(7, 7, '2025-02-25', 'Compra al por mayor', 'SN334477', 'NC007', 'USD'),
(8, 8, '2025-02-25', 'Compra al por mayor', 'SN556688', 'NC008', 'MXN'),
(9, 9, '2025-02-25', 'Compra al por mayor', 'SN667799', 'NC009', 'USD'),
(10, 10, '2025-02-25', 'Compra al por mayor', 'SN889900', 'NC010', 'MXN'),
(11, 11, '2025-02-25', 'Compra al por mayor', 'SN112233', 'NC011', 'USD'),
(12, 12, '2025-02-25', 'Compra al por mayor', 'SN445566', 'NC012', 'MXN'),
(13, 13, '2025-02-25', 'Compra al por mayor', 'SN778899', 'NC013', 'USD'),
(14, 14, '2025-02-25', 'Compra al por mayor', 'SN223355', 'NC014', 'MXN'),
(15, 15, '2025-02-25', 'Compra al por mayor', 'SN445577', 'NC015', 'USD'),
(16, 16, '2025-02-25', 'Compra al por mayor', 'SN889922', 'NC016', 'MXN'),
(17, 17, '2025-02-25', 'Compra al por mayor', 'SN112244', 'NC017', 'USD'),
(18, 18, '2025-02-25', 'Compra al por mayor', 'SN445577', 'NC018', 'MXN'),
(19, 19, '2025-02-25', 'Compra al por mayor', 'SN667711', 'NC019', 'USD'),
(20, 20, '2025-02-25', 'Compra al por mayor', 'SN334411', 'NC020', 'MXN'),
(21, 21, '2025-02-25', 'Compra al por mayor', 'SN556677', 'NC021', 'USD'),
(22, 22, '2025-02-25', 'Compra al por mayor', 'SN223377', 'NC022', 'MXN'),
(23, 23, '2025-02-25', 'Compra al por mayor', 'SN445699', 'NC023', 'USD'),
(24, 24, '2025-02-25', 'Compra al por mayor', 'SN667722', 'NC024', 'MXN'),
(25, 25, '2025-02-25', 'Compra al por mayor', 'SN889933', 'NC025', 'USD'),
(26, 26, '2025-02-25', 'Compra al por mayor', 'SN223344', 'NC026', 'MXN'),
(27, 27, '2025-02-25', 'Compra al por mayor', 'SN445566', 'NC027', 'USD'),
(28, 28, '2025-02-25', 'Compra al por mayor', 'SN667788', 'NC028', 'MXN'),
(29, 29, '2025-02-25', 'Compra al por mayor', 'SN889900', 'NC029', 'USD'),
(30, 30, '2025-02-25', 'Compra al por mayor', 'SN112233', 'NC030', 'MXN'),
(31, 31, '2025-02-25', 'Compra al por mayor', 'SN445566', 'NC031', 'USD'),
(32, 32, '2025-02-25', 'Compra al por mayor', 'SN223344', 'NC032', 'MXN'),
(33, 33, '2025-02-25', 'Compra al por mayor', 'SN556677', 'NC033', 'USD'),
(34, 34, '2025-02-25', 'Compra al por mayor', 'SN667788', 'NC034', 'MXN'),
(35, 35, '2025-02-25', 'Compra al por mayor', 'SN112233', 'NC035', 'USD'),
(36, 36, '2025-02-25', 'Compra al por mayor', 'SN445566', 'NC036', 'MXN'),
(37, 37, '2025-02-25', 'Compra al por mayor', 'SN223344', 'NC037', 'USD'),
(38, 38, '2025-02-25', 'Compra al por mayor', 'SN556677', 'NC038', 'MXN'),
(39, 39, '2025-02-25', 'Compra al por mayor', 'SN667788', 'NC039', 'USD'),
(40, 40, '2025-02-25', 'Compra al por mayor', 'SN889900', 'NC040', 'MXN'),
(41, 41, '2025-02-25', 'Compra al por mayor', 'SN112233', 'NC041', 'USD'),
(42, 42, '2025-02-25', 'Compra al por mayor', 'SN445566', 'NC042', 'MXN'),
(43, 43, '2025-02-25', 'Compra al por mayor', 'SN223344', 'NC043', 'USD'),
(44, 44, '2025-02-25', 'Compra al por mayor', 'SN556677', 'NC044', 'MXN'),
(45, 45, '2025-02-25', 'Compra al por mayor', 'SN667788', 'NC045', 'USD'),
(46, 46, '2025-02-25', 'Compra al por mayor', 'SN112233', 'NC046', 'MXN'),
(47, 47, '2025-02-25', 'Compra al por mayor', 'SN445566', 'NC047', 'USD'),
(48, 48, '2025-02-25', 'Compra al por mayor', 'SN223344', 'NC048', 'MXN'),
(49, 49, '2025-02-25', 'Compra al por mayor', 'SN556677', 'NC049', 'USD'),
(50, 50, '2025-02-25', 'Compra al por mayor', 'SN667788', 'NC050', 'MXN');

-- Inserción en la tabla 'detallecompra' (50 productos por cada compra)
INSERT INTO detallecompra (idcompra, idproducto, cantidad, preciocompra, descuento) VALUES
(1, 1, 50, 28.00, 2.00),
(2, 2, 50, 10.00, 1.00),
(3, 3, 50, 50.00, 5.00),
(4, 4, 50, 120.00, 10.00),
(5, 5, 50, 40.00, 2.00),
(6, 6, 50, 150.00, 20.00),
(7, 7, 50, 200.00, 15.00),
(8, 8, 50, 120.00, 10.00),
(9, 9, 50, 50.00, 5.00),
(10, 10, 50, 20.00, 3.00),
(11, 11, 50, 25.00, 5.00),
(12, 12, 50, 15.00, 1.00),
(13, 13, 50, 80.00, 10.00),
(14, 14, 50, 120.00, 15.00),
(15, 15, 50, 150.00, 5.00),
(16, 16, 50, 100.00, 10.00),
(17, 17, 50, 12.00, 1.00),
(18, 18, 50, 55.00, 2.00),
(19, 19, 50, 5.00, 0.50),
(20, 20, 50, 60.00, 8.00),
(21, 21, 50, 45.00, 4.00),
(22, 22, 50, 30.00, 3.00),
(23, 23, 50, 50.00, 5.00),
(24, 24, 50, 70.00, 7.00),
(25, 25, 50, 45.00, 3.00),
(26, 26, 50, 80.00, 10.00),
(27, 27, 50, 90.00, 12.00),
(28, 28, 50, 65.00, 6.00),
(29, 29, 50, 50.00, 5.00),
(30, 30, 50, 35.00, 4.00),
(31, 31, 50, 100.00, 10.00),
(32, 32, 50, 50.00, 5.00),
(33, 33, 50, 30.00, 3.00),
(34, 34, 50, 60.00, 6.00),
(35, 35, 50, 70.00, 7.00),
(36, 36, 50, 90.00, 10.00),
(37, 37, 50, 55.00, 5.00),
(38, 38, 50, 85.00, 8.00),
(39, 39, 50, 50.00, 5.00),
(40, 40, 50, 75.00, 10.00),
(41, 41, 50, 40.00, 4.00),
(42, 42, 50, 25.00, 3.00),
(43, 43, 50, 45.00, 5.00),
(44, 44, 50, 60.00, 6.00),
(45, 45, 50, 80.00, 8.00),
(46, 46, 50, 90.00, 10.00),
(47, 47, 50, 120.00, 12.00),
(48, 48, 50, 30.00, 3.00),
(49, 49, 50, 40.00, 5.00),
(50, 50, 50, 50.00, 6.00);



